{
    "name": "liquidslider",
    "title": "Liquid Slider",
    "description": "The Last Responsive Content Slider You'll Ever Need.",
    "keywords": [
        "ui",
        "content"
        "slider",
        "responsive",
        "swipe",
        "mobile",
        "tabs"
    ],
    "version": "2.3.8",
    "author": {
        "name": "Kevin Batdorf",
        "url": "http://www.kevinbatdorf.com"
    },
    "licenses": [
        {
            "type": "MIT",
            "url": "https://github.com/KevinBatdorf/liquidslider/blob/master/MIT.txt"
        }
    ],
    "dependencies": {
        "jquery": ">=1.5"
    },
    "bugs": "https://github.com/KevinBatdorf/liquidslider/issues?state=open",
    "homepage": "http://liquidslider.com",
    "docs": "https://github.com/KevinBatdorf/liquidslider/blob/master/README.markdown",
    "demo": "http://kevinbatdorf.github.io/liquidslider/examples/index.html",
    "download": "http://liquidslider.com"
}